{
	"IcoMoonType": "selection",
	"icons": [
		{
			"icon": {
				"paths": [
					"M896 0h-768c-70.4 0-128 57.6-128 128v768c0 70.4 57.6 128 128 128h768c70.4 0 128-57.6 128-128v-768c0-70.4-57.6-128-128-128zM448 794.51l-237.254-237.256 90.51-90.508 146.744 146.744 306.746-306.746 90.508 90.51-397.254 397.256z"
				],
				"attrs": [],
				"tags": [
					"checkbox-checked",
					"checkbox",
					"tick",
					"checked",
					"selected"
				],
				"defaultCode": 61033,
				"grid": 16
			},
			"attrs": [],
			"properties": {
				"id": 1195,
				"order": 9,
				"prevSize": 32,
				"code": 69,
				"ligatures": "checkbox-checked, checkbox",
				"name": "checkbox-checked"
			},
			"setIdx": 1,
			"setId": 0,
			"iconIdx": 338
		},
		{
			"icon": {
				"paths": [
					"M896 0h-768c-70.4 0-128 57.6-128 128v768c0 70.4 57.6 128 128 128h768c70.4 0 128-57.6 128-128v-768c0-70.4-57.6-128-128-128zM896 896h-768v-768h768v768z"
				],
				"attrs": [],
				"tags": [
					"checkbox-unchecked",
					"checkbox",
					"unchecked",
					"square"
				],
				"defaultCode": 61034,
				"grid": 16
			},
			"attrs": [],
			"properties": {
				"id": 1194,
				"order": 10,
				"prevSize": 32,
				"code": 68,
				"ligatures": "checkbox-unchecked, checkbox2",
				"name": "checkbox-unchecked"
			},
			"setIdx": 1,
			"setId": 0,
			"iconIdx": 339
		}
	],
	"height": 1024,
	"metadata": {
		"name": "icomoon"
	},
	"preferences": {
		"showGlyphs": true,
		"showQuickUse": true,
		"showQuickUse2": true,
		"showSVGs": true,
		"fontPref": {
			"prefix": "icon-",
			"metadata": {
				"fontFamily": "icomoon"
			},
			"metrics": {
				"emSize": 1024,
				"baseline": 6.25,
				"whitespace": 50
			},
			"embed": false
		},
		"imagePref": {
			"prefix": "icon-",
			"png": true,
			"useClassSelector": true,
			"color": 4473924,
			"bgColor": 16777215,
			"classSelector": ".icon"
		},
		"historySize": 100,
		"showCodes": true,
		"gridSize": 16,
		"showGrid": false
	}
}